{  
   "Success":true,
   "GPUs":[  
        { "GPUName":"RX 460 4gb",
		 "X11":"",
		 "SHA-256":"",
		 "Equihash":"110",
		 "Scrypt":"",
		 "Ethash":"10650000",
		 "CryptoNightV7":"330",
		 "Quark":"",
		 "Lyra2REv2":"",
		 "NeoScrypt":"",
		 "Blake-256":"",
         "Groestl":"",
		 "Pascal":"30000000",
		 "CryptoNight":"330",
		 "Decred":"",
		 "Lbry":""
             },
              {  
	  "GPUName":"RX 470 4gb",
		 "X11":"",
		 "SHA-256":"",
		 "Equihash":"280",
		 "Scrypt":"",
		 "Ethash":"25070000",
		 "CryptoNightV7":"650",
		 "Quark":"",
		 "Lyra2REv2":"",
		 "NeoScrypt":"",
		 "Blake-256":"",
         "Groestl":"",
		 "Pascal":"650000000",
		 "CryptoNight":"650"
             },
      {  
         "GPUName":"RX 480 8gb",
		 "X11":"",
		 "SHA-256":"",
		 "Equihash":"305",
		 "Scrypt":"",
		 "Ethash":"29000000",
		 "CryptoNightV7":"720",
		 "Quark":"",
		 "Lyra2REv2":"",
		 "NeoScrypt":"",
		 "Blake-256":"",
         "Groestl":"",
		 "Pascal":"700000000",
		 "CryptoNight":"720"
	    },
     
			 {  
	  "GPUName":"RX 570 4gb",
		 "X11":"",
		 "SHA-256":"",
		 "Equihash":"311",
		 "Scrypt":"",
		 "Ethash":"26310000",
		 "CryptoNightV7":"630",
		 "Quark":"",
		 "Lyra2REv2":"",
		 "NeoScrypt":"",
		 "Blake-256":"",
         "Groestl":"",
		 "Pascal":"730000000",
		 "CryptoNight":"630",
		 "Decred":"12400000",
		 "Lbry":"150000"
             },
			 		 {  
	  "GPUName":"RX 580 4gb",
		 "X11":"",
		 "SHA-256":"",
		 "Equihash":"280",
		 "Scrypt":"",
		 "Ethash":"30060000",
		 "CryptoNightV7":"630",
		 "Quark":"",
		 "Lyra2REv2":"",
		 "NeoScrypt":"",
		 "Blake-256":"",
         "Groestl":"",
		 "Pascal":"800000000",
		 "CryptoNight":"570",
		 "Decred":"13200000",
		 "Lbry":"160000"
             },
                {
			 "GPUName":"RX 580 8gb",
		 "X11":"",
		 "SHA-256":"",
		 "Equihash":"310",
		 "Scrypt":"",
		 "Ethash":"30970000",
		 "CryptoNightV7":"650",
		 "Quark":"",
		 "Lyra2REv2":"",
		 "NeoScrypt":"",
		 "Blake-256":"",
         "Groestl":"",
		 "Pascal":"860000000",
		 "CryptoNight":"650",
		 "Decred":"14000000",
		 "Lbry":"170000"
             },
			
			 {
			 "GPUName":"GTX 1050",
		 "X11":"",
		 "SHA-256":"",
		 "Equihash":"148",
		 "Scrypt":"",
		 "Ethash":"",
		 "CryptoNightV7":"300",
		 "Quark":"",
		 "Lyra2REv2":"12550000",
		 "NeoScrypt":"370000",
		 "Blake-256":"",
         "Groestl":"",
		 "Pascal":"320000000",
		 "CryptoNight":"300",
		 "Decred":"8500000",
		 "Lbry":"90000"
             },
			 	 {
			 "GPUName":"GTX 1050Ti",
		 "X11":"",
		 "SHA-256":"",
		 "Equihash":"178",
		 "Scrypt":"",
		 "Ethash":"13100000",
		 "CryptoNightV7":"293",
		 "Quark":"",
		 "Lyra2REv2":"15780000",
		 "NeoScrypt":"370000",
		 "Blake-256":"",
         "Groestl":"",
		 "Pascal":"400000000",
		 "CryptoNight":"293",
		 "Decred":"1050000",
		 "Lbry":"10800"
             },
			 	 	 {
			 "GPUName":"GTX 1060 3gb",
		 "X11":"",
		 "SHA-256":"",
		 "Equihash":"280",
		 "Scrypt":"",
		 "Ethash":"",
		 "CryptoNightV7":"460",
		 "Quark":"",
		 "Lyra2REv2":"24790000",
		 "NeoScrypt":"710000",
		 "Blake-256":"",
         "Groestl":"",
		 "Pascal":"650000000",
		 "CryptoNight":"460",
		 "Decred":"1660000",
		 "Lbry":"17000"
             },
			 	 	 	 {
			 "GPUName":"GTX 1060 6gb",
		 "X11":"",
		 "SHA-256":"",
		 "Equihash":"345",
		 "Scrypt":"",
		 "Ethash":"24930000",
		 "CryptoNightV7":"500",
		 "Quark":"",
		 "Lyra2REv2":"30790000",
		 "NeoScrypt":"760000",
		 "Blake-256":"",
         "Groestl":"",
		 "Pascal":"725000000",
		 "CryptoNight":"500",
		 "Decred":"2110000",
		 "Lbry":"21000"
             },
			 	 	 	 	 {
			 "GPUName":"GTX 1070",
		 "X11":"",
		 "SHA-256":"",
		 "Equihash":"515",
		 "Scrypt":"",
		 "Ethash":"32860000",
		 "CryptoNightV7":"660",
		 "Quark":"",
		 "Lyra2REv2":"48400000",
		 "NeoScrypt":"1310000",
		 "Blake-256":"",
         "Groestl":"",
		 "Pascal":"130000000",
		 "CryptoNight":"660",
		 "Decred":"3320000",
		 "Lbry":"32000"
             },
			 {
			  "GPUName":"GTX 1070 ti",
		 "X11":"",
		 "SHA-256":"",
		 "Equihash":"532",
		 "Scrypt":"",
		 "Ethash":"31320000",
		 "CryptoNightV7":"650",
		 "Quark":"",
		 "Lyra2REv2":"50830000",
		 "NeoScrypt":"1390000",
		 "Blake-256":"",
         "Groestl":"",
		 "Pascal":"136500000",
		 "CryptoNight":"650",
		 "Decred":"3400000",
		 "Lbry":"36000"
             },
			  {
			  "GPUName":"GTX 1080",
		 "X11":"",
		 "SHA-256":"",
		 "Equihash":"575",
		 "Scrypt":"",
		 "Ethash":"24500000",
		 "CryptoNightV7":"500",
		 "Quark":"",
		 "Lyra2REv2":"56100000",
		 "NeoScrypt":"1260000",
		 "Blake-256":"",
         "Groestl":"",
		 "Pascal":"141000000",
		 "CryptoNight":"500",
		 "Decred":"3860000",
		 "Lbry":"40000"
             },
          
              {  
         "GPUName":"GTX 750 CryptoNightV7",
		 "X11":"",
		 "SHA-256":"",
		 "Equihash":"",
		 "Scrypt":"",
		 "Ethash":"",
		 "CryptoNightV7":"276",
		 "Quark":"",
		 "Lyra2REv2":"",
		 "NeoScrypt":"",
		 "Blake-256":"",
         "Groestl":"",
		 "Pascal":"",
		 "CryptoNight":""
	    },
	     {  
         "GPUName":"R9 380 CryptoNightV7",
		 "X11":"",
		 "SHA-256":"",
		 "Equihash":"",
		 "Scrypt":"",
		 "Ethash":"",
		 "CryptoNightV7":"513",
		 "Quark":"",
		 "Lyra2REv2":"",
		 "NeoScrypt":"",
		 "Blake-256":"",
         "Groestl":"",
		 "Pascal":"",
		 "CryptoNight":""
	    },
	    {  
         "GPUName":"R9 270 CryptoNightV7",
		 "X11":"",
		 "SHA-256":"",
		 "Equihash":"",
		 "Scrypt":"",
		 "Ethash":"",
		 "CryptoNightV7":"410",
		 "Quark":"",
		 "Lyra2REv2":"",
		 "NeoScrypt":"",
		 "Blake-256":"",
         "Groestl":"",
		 "Pascal":"",
		 "CryptoNight":""
	    }
		      ]
             }